date,pressure_index,is_extreme
2015-10-11,,False
2015-10-18,,False
2015-10-25,,False
2015-11-01,,False
2015-11-08,,False
2015-11-15,,False
2015-11-22,,False
2015-11-29,,False
2015-12-06,,False
2015-12-13,,False
2015-12-20,,False
2015-12-27,,False
2016-01-03,,False
2016-01-10,,False
2016-01-17,,False
2016-01-24,,False
2016-01-31,,False
2016-02-07,,False
2016-02-14,,False
2016-02-21,,False
2016-02-28,,False
2016-03-06,,False
2016-03-13,,False
2016-03-20,,False
2016-03-27,,False
2016-04-03,,False
2016-04-10,,False
2016-04-17,,False
2016-04-24,,False
2016-05-01,,False
2016-05-08,,False
2016-05-15,,False
2016-05-22,,False
2016-05-29,,False
2016-06-05,,False
2016-06-12,,False
2016-06-19,,False
2016-06-26,,False
2016-07-03,,False
2016-07-10,,False
2016-07-17,,False
2016-07-24,,False
2016-07-31,,False
2016-08-07,,False
2016-08-14,,False
2016-08-21,,False
2016-08-28,,False
2016-09-04,,False
2016-09-11,,False
2016-09-18,,False
2016-09-25,,False
2016-10-02,54.48717948717948,False
2016-10-09,72.32704402515724,False
2016-10-16,77.77777777777777,False
2016-10-23,71.51515151515152,False
2016-10-30,69.64285714285715,False
2016-11-06,76.60818713450293,False
2016-11-13,62.64367816091954,False
2016-11-20,57.06214689265536,False
2016-11-27,58.88888888888889,False
2016-12-04,74.86338797814209,False
2016-12-11,65.59139784946238,False
2016-12-18,67.72486772486772,False
2016-12-25,65.10416666666667,False
2017-01-01,74.87179487179488,False
2017-01-08,64.14141414141415,False
2017-01-15,62.6865671641791,False
2017-01-22,62.254901960784316,False
2017-01-29,61.83574879227053,False
2017-02-05,62.38095238095239,False
2017-02-12,64.78873239436619,False
2017-02-19,65.27777777777777,False
2017-02-26,64.84018264840182,False
2017-03-05,63.063063063063076,False
2017-03-12,60.44444444444445,False
2017-03-19,57.89473684210526,False
2017-03-26,63.63636363636365,False
2017-04-02,67.52136752136752,False
2017-04-09,70.88607594936708,False
2017-04-16,85.41666666666667,True
2017-04-23,73.66255144032921,False
2017-04-30,55.6910569105691,False
2017-05-07,49.799196787148595,False
2017-05-14,51.58730158730159,False
2017-05-21,66.27450980392156,False
2017-05-28,56.97674418604651,False
2017-06-04,50.957854406130274,False
2017-06-11,48.86363636363637,False
2017-06-18,46.81647940074907,False
2017-06-25,41.48148148148149,False
2017-07-02,53.11355311355311,False
2017-07-09,48.188405797101446,False
2017-07-16,49.820788530465954,False
2017-07-23,47.16312056737589,False
2017-07-30,58.94736842105262,False
2017-08-06,57.98611111111111,False
2017-08-13,78.69415807560136,False
2017-08-20,70.40816326530613,False
2017-08-27,56.56565656565656,False
2017-09-03,49.0,False
2017-09-10,61.386138613861384,False
2017-09-17,59.47712418300654,False
2017-09-24,57.92880258899677,False
2017-10-01,59.93589743589744,False
2017-10-08,56.19047619047618,False
2017-10-15,60.37735849056603,False
2017-10-22,62.30529595015577,False
2017-10-29,66.35802469135803,False
2017-11-05,65.4434250764526,False
2017-11-12,74.54545454545455,False
2017-11-19,75.37537537537537,False
2017-11-26,67.26190476190476,False
2017-12-03,74.92625368731562,False
2017-12-10,66.08187134502924,False
2017-12-17,65.21739130434783,False
2017-12-24,68.9655172413793,False
2017-12-31,73.78917378917379,False
2018-01-07,65.81920903954803,False
2018-01-14,70.86834733893556,False
2018-01-21,74.72222222222223,False
2018-01-28,73.82920110192838,False
2018-02-04,93.71584699453551,True
2018-02-11,96.7479674796748,True
2018-02-18,93.5483870967742,True
2018-02-25,91.73333333333335,True
2018-03-04,92.59259259259261,True
2018-03-11,86.08923884514435,True
2018-03-18,90.10416666666667,True
2018-03-25,96.64082687338502,True
2018-04-01,93.58974358974359,True
2018-04-08,93.38422391857506,True
2018-04-15,92.67676767676768,True
2018-04-22,92.23057644110276,True
2018-04-29,89.05472636815921,True
2018-05-06,86.91358024691358,True
2018-05-13,80.63725490196079,False
2018-05-20,82.96836982968371,False
2018-05-27,80.67632850241546,False
2018-06-03,81.29496402877697,False
2018-06-10,76.90476190476191,False
2018-06-17,75.41371158392435,False
2018-06-24,83.5680751173709,False
2018-07-01,90.90909090909092,True
2018-07-08,82.87037037037037,False
2018-07-15,78.39080459770115,False
2018-07-22,79.90867579908677,False
2018-07-29,80.0453514739229,False
2018-08-05,75.0,False
2018-08-12,79.41834451901566,False
2018-08-19,76.44444444444444,False
2018-08-26,76.60044150110376,False
2018-09-02,79.82456140350877,False
2018-09-09,85.40305010893246,True
2018-09-16,76.83982683982684,False
2018-09-23,76.12903225806451,False
2018-09-30,78.41880341880342,False
2018-10-07,88.74734607218686,True
2018-10-14,95.56962025316454,True
2018-10-21,92.66247379454926,True
2018-10-28,92.5,True
2018-11-04,86.7494824016563,True
2018-11-11,84.15637860082305,False
2018-11-18,82.61758691206545,False
2018-11-25,80.69105691056912,False
2018-12-02,77.979797979798,False
2018-12-09,83.53413654618474,False
2018-12-16,81.2375249500998,False
2018-12-23,73.21428571428571,False
2018-12-30,72.38658777120315,False
2019-01-06,74.70588235294117,False
2019-01-13,78.55750487329435,False
2019-01-20,79.84496124031008,False
2019-01-27,78.42003853564547,False
2019-02-03,78.35249042145593,False
2019-02-10,75.42857142857143,False
2019-02-17,76.13636363636364,False
2019-02-24,73.44632768361582,False
2019-03-03,72.65917602996255,False
2019-03-10,79.32960893854748,False
2019-03-17,70.92592592592592,False
2019-03-24,82.13627992633518,False
2019-03-31,72.16117216117216,False
2019-04-07,71.03825136612022,False
2019-04-14,69.3840579710145,False
2019-04-21,69.009009009009,False
2019-04-28,70.25089605734767,False
2019-05-05,70.40998217468805,False
2019-05-12,80.14184397163122,False
2019-05-19,78.65961199294533,False
2019-05-26,74.73684210526316,False
2019-06-02,75.043630017452,False
2019-06-09,72.22222222222221,False
2019-06-16,65.97582037996547,False
2019-06-23,70.44673539518901,False
2019-06-30,69.4017094017094,False
2019-07-07,64.79591836734694,False
2019-07-14,62.43654822335026,False
2019-07-21,64.47811447811448,False
2019-07-28,57.956448911222786,False
2019-08-04,72.5,False
2019-08-11,71.4759535655058,False
2019-08-18,70.13201320132013,False
2019-08-25,72.41379310344827,False
2019-09-01,72.05882352941175,False
2019-09-08,65.36585365853658,False
2019-09-15,60.032362459546924,False
2019-09-22,66.18357487922704,False
2019-09-29,67.62820512820512,False
2019-10-06,62.519936204146724,False
2019-10-13,61.74603174603175,False
2019-10-20,55.60821484992101,False
2019-10-27,53.61635220125786,False
2019-11-03,51.3302034428795,False
2019-11-10,50.93457943925233,False
2019-11-17,51.937984496124024,False
2019-11-24,53.858024691358025,False
2019-12-01,50.84485407066052,False
2019-12-08,59.63302752293578,False
2019-12-15,55.55555555555555,False
2019-12-22,56.21212121212122,False
2019-12-29,60.63348416289593,False
2020-01-05,62.612612612612615,False
2020-01-12,54.110612855007474,False
2020-01-19,52.083333333333336,False
2020-01-26,55.851851851851855,False
2020-02-02,61.06194690265486,False
2020-02-09,53.74449339207049,False
2020-02-16,51.60818713450292,False
2020-02-23,61.28093158660844,False
2020-03-01,54.492753623188406,False
2020-03-08,44.3001443001443,False
2020-03-15,37.068965517241374,False
2020-03-22,33.047210300429185,False
2020-03-29,32.90598290598291,False
2020-04-05,33.47517730496454,False
2020-04-12,35.16949152542373,False
2020-04-19,33.19268635724332,False
2020-04-26,33.05322128851541,False
2020-05-03,33.19386331938633,False
2020-05-10,33.333333333333336,False
2020-05-17,34.439834024896264,False
2020-05-24,35.26170798898072,False
2020-05-31,35.66529492455418,False
2020-06-07,36.202185792349724,False
2020-06-14,37.414965986394556,False
2020-06-21,38.07588075880759,False
2020-06-28,37.24696356275303,False
2020-07-05,37.634408602150536,False
2020-07-12,37.215528781793836,False
2020-07-19,36.53333333333334,False
2020-07-26,36.78618857901727,False
2020-08-02,34.65608465608465,False
2020-08-09,34.78260869565218,False
2020-08-16,35.433070866141726,False
2020-08-23,35.947712418300654,False
2020-08-30,36.71875,False
2020-09-06,37.87289234760052,False
2020-09-13,35.400516795865634,False
2020-09-20,36.16473616473616,False
2020-09-27,36.02564102564103,False
2020-10-04,34.86590038314176,False
2020-10-11,36.25954198473283,False
2020-10-18,37.76932826362484,False
2020-10-25,35.85858585858586,False
2020-11-01,35.723270440251575,False
2020-11-08,32.70676691729324,False
2020-11-15,33.458177278402,False
2020-11-22,35.69651741293532,False
2020-11-29,36.67905824039653,False
2020-12-06,38.2716049382716,False
2020-12-13,39.852398523985244,False
2020-12-20,42.15686274509804,False
2020-12-27,40.659340659340664,False
2021-01-03,41.48418491484185,False
2021-01-10,45.696969696969695,False
2021-01-17,47.463768115942024,False
2021-01-24,45.48736462093863,False
2021-01-31,49.64028776978417,False
2021-02-07,49.46236559139785,False
2021-02-14,51.07142857142858,False
2021-02-21,52.90628706998814,False
2021-02-28,58.392434988179666,False
2021-03-07,59.01060070671378,False
2021-03-14,54.694835680751176,False
2021-03-21,52.163742690058484,False
2021-03-28,50.0,False
2021-04-04,48.66434378629501,False
2021-04-11,46.06481481481482,False
2021-04-18,48.67358708189158,False
2021-04-25,49.77011494252874,False
2021-05-02,51.66093928980527,False
2021-05-09,50.0,False
2021-05-16,52.7872582480091,False
2021-05-23,53.061224489795926,False
2021-05-30,51.41242937853107,False
2021-06-06,52.70270270270271,False
2021-06-13,51.85185185185185,False
2021-06-20,59.73154362416108,False
2021-06-27,53.17725752508361,False
2021-07-04,51.77777777777777,False
2021-07-11,54.92801771871539,False
2021-07-18,57.50551876379691,False
2021-07-25,56.21562156215621,False
2021-08-01,57.89473684210526,False
2021-08-08,51.91256830601093,False
2021-08-15,50.326797385620914,False
2021-08-22,52.008686210640604,False
2021-08-29,52.922077922077925,False
2021-09-05,53.07443365695792,False
2021-09-12,59.13978494623655,False
2021-09-19,59.59271168274384,False
2021-09-26,56.3034188034188,False
2021-10-03,61.12886048988285,False
2021-10-10,59.23566878980892,False
2021-10-17,54.81481481481482,False
2021-10-24,53.90295358649789,False
2021-10-31,56.15141955835961,False
2021-11-07,55.45073375262054,False
2021-11-14,55.17241379310345,False
2021-11-21,58.645833333333336,False
2021-11-28,63.44755970924195,False
2021-12-05,62.83643892339544,False
2021-12-12,58.8235294117647,False
2021-12-19,59.465020576131685,False
2021-12-26,58.358974358974365,False
2022-01-02,55.31697341513293,False
2022-01-09,62.89500509683996,False
2022-01-16,66.0569105691057,False
2022-01-23,74.5694022289767,False
2022-01-30,74.14141414141415,False
2022-02-06,72.50755287009063,False
2022-02-13,78.6144578313253,False
2022-02-20,78.87887887887888,False
2022-02-27,77.34530938123753,False
2022-03-06,79.80099502487563,False
2022-03-13,80.2579365079365,False
2022-03-20,76.45895153313552,False
2022-03-27,75.04930966469428,False
2022-04-03,72.95968534906588,False
2022-04-10,75.58823529411764,False
2022-04-17,77.81036168132941,False
2022-04-24,81.7738791423002,False
2022-05-01,83.18756073858115,False
2022-05-08,82.84883720930232,False
2022-05-15,83.09178743961353,False
2022-05-22,83.33333333333333,False
2022-05-29,82.03650336215178,False
2022-06-05,82.27969348659003,False
2022-06-12,85.29130850047756,False
2022-06-19,87.23809523809523,True
2022-06-26,85.84995251661918,True
2022-07-03,85.51136363636363,True
2022-07-10,85.64683663833806,True
2022-07-17,88.22975517890772,True
2022-07-24,88.92018779342722,True
2022-07-31,86.14232209737827,True
2022-08-07,87.86181139122316,True
2022-08-14,85.94040968342644,True
2022-08-21,86.72237697307337,True
2022-08-28,92.12962962962962,True
2022-09-04,91.41274238227147,True
2022-09-11,89.13443830570903,True
2022-09-18,91.643709825528,True
2022-09-25,93.31501831501832,True
2022-10-02,94.06392694063926,True
2022-10-09,95.53734061930784,True
2022-10-16,94.91371480472299,True
2022-10-23,93.56884057971014,True
2022-10-30,91.23757904245709,True
2022-11-06,90.72072072072073,True
2022-11-13,88.31985624438455,True
2022-11-20,87.63440860215053,True
2022-11-27,83.6461126005362,False
2022-12-04,82.62032085561498,False
2022-12-11,84.8,False
2022-12-18,85.63829787234043,True
2022-12-25,84.6153846153846,False
2023-01-01,86.33156966490299,True
2023-01-08,83.28935795954266,False
2023-01-15,81.05263157894737,False
2023-01-22,83.46456692913385,False
2023-01-29,81.15183246073299,False
2023-02-05,78.85117493472585,False
2023-02-12,83.68055555555556,False
2023-02-19,82.68398268398268,False
2023-02-26,85.40587219343696,True
2023-03-05,80.87855297157621,False
2023-03-12,88.40206185567011,True
2023-03-19,83.20479862896315,False
2023-03-26,81.45299145299145,False
2023-04-02,79.71014492753623,False
2023-04-09,80.86734693877551,False
2023-04-16,79.30449533502969,False
2023-04-23,77.41116751269035,False
2023-04-30,74.9367088607595,False
2023-05-07,75.58922558922559,False
2023-05-14,74.39126784214945,False
2023-05-21,75.12562814070351,False
2023-05-28,77.44360902255639,False
2023-06-04,69.83333333333333,False
2023-06-11,67.58104738154613,False
2023-06-18,67.82752902155887,False
2023-06-25,65.92224979321753,False
2023-07-02,67.24422442244224,False
2023-07-09,71.52263374485597,False
2023-07-16,68.96551724137932,False
2023-07-23,70.76167076167076,False
2023-07-30,70.7516339869281,False
2023-08-06,79.95110024449878,False
2023-08-13,74.79674796747967,False
2023-08-20,79.96755879967559,False
2023-08-27,75.64724919093851,False
2023-09-03,70.863599677159,False
2023-09-10,73.83252818035426,False
2023-09-17,73.97590361445783,False
2023-09-24,81.25,False
2023-10-01,82.25419664268584,False
2023-10-08,80.622009569378,False
2023-10-15,84.40731901352427,False
2023-10-22,87.93650793650794,True
2023-10-29,86.30245447347585,True
2023-11-05,72.35387045813586,False
2023-11-12,69.58234830575256,False
2023-11-19,68.31761006289308,False
2023-11-26,64.31372549019608,False
2023-12-03,63.53677621283254,False
2023-12-10,61.514441842310696,False
2023-12-17,61.37071651090343,False
2023-12-24,63.94716394716395,False
2023-12-31,61.62790697674419,False
2024-01-07,65.66125290023201,False
2024-01-14,62.8858024691358,False
2024-01-21,64.58814472671286,False
2024-01-28,66.82027649769584,False
2024-02-04,66.51340996168581,False
2024-02-11,66.13149847094802,False
2024-02-18,70.40427154843631,False
2024-02-25,68.94977168949771,False
2024-03-03,67.19817767653758,False
2024-03-10,70.98484848484848,False
2024-03-17,72.10884353741496,False
2024-03-24,67.42081447963801,False
2024-03-31,67.41911211437171,False
2024-04-07,76.5015015015015,False
2024-04-14,79.9250936329588,False
2024-04-21,81.76382660687592,False
2024-04-28,74.19835943325876,False
2024-05-05,67.93154761904762,False
2024-05-12,64.73645137342243,False
2024-05-19,63.62962962962964,False
2024-05-26,62.2320768662232,False
2024-06-02,65.48672566371681,False
2024-06-09,61.95732155997056,False
2024-06-16,65.12481644640235,False
2024-06-23,66.88644688644689,False
2024-06-30,64.61988304093568,False
2024-07-07,66.01021152443472,False
2024-07-14,64.1193595342067,False
2024-07-21,74.36456063907045,False
2024-07-28,71.95652173913044,False
2024-08-04,79.32031814895156,False
2024-08-11,77.4891774891775,False
2024-08-18,67.02663786897048,False
2024-08-25,68.46264367816092,False
2024-09-01,65.16129032258065,False
2024-09-08,73.74821173104435,False
2024-09-15,65.66738044254105,False
2024-09-22,66.3105413105413,False
2024-09-29,64.818763326226,False
2024-10-06,73.54609929078015,False
2024-10-13,75.37154989384288,False
2024-10-20,67.79661016949153,False
2024-10-27,72.72727272727272,False
2024-11-03,73.13642756680731,False
2024-11-10,61.05263157894737,False
2024-11-17,61.48459383753501,False
2024-11-24,62.40391334730958,False
2024-12-01,55.57880055788005,False
2024-12-08,52.331245650661096,False
2024-12-15,59.09722222222222,False
2024-12-22,67.42896742896743,False
2024-12-29,62.79391424619641,False
2025-01-05,66.11456176673568,False
2025-01-12,74.24242424242424,False
2025-01-19,67.97250859106529,False
2025-01-26,63.44307270233196,False
2025-02-02,65.84531143052703,False
2025-02-09,65.30054644808745,False
2025-02-16,59.57736877982277,False
2025-02-23,67.21088435374149,False
2025-03-02,68.83910386965377,False
2025-03-09,71.68021680216803,False
2025-03-16,69.77687626774848,False
2025-03-23,66.66666666666667,False
2025-03-30,71.24579124579124,False
2025-04-06,73.9247311827957,False
2025-04-13,74.24547283702213,False
2025-04-20,74.29718875502009,False
2025-04-27,70.20708082832333,False
2025-05-04,66.33333333333333,False
2025-05-11,67.33200266134398,False
2025-05-18,61.42098273572376,False
2025-05-25,68.19085487077535,False
2025-06-01,62.36772486772487,False
2025-06-08,61.18811881188119,False
2025-06-15,73.91304347826086,False
2025-06-22,73.83300460223536,False
2025-06-29,59.4488188976378,False
2025-07-06,61.23117223313687,False
2025-07-13,62.54901960784314,False
2025-07-20,61.382909328114806,False
2025-07-27,56.705729166666664,False
2025-08-03,66.40675763482781,False
2025-08-10,54.215304798962386,False
2025-08-17,53.398058252427184,False
2025-08-24,51.6795865633075,False
2025-08-31,54.60992907801418,False
2025-09-07,52.57400257400258,False
2025-09-14,51.509312780989085,False
2025-09-21,53.65384615384615,False
2025-09-28,55.02239283429302,False
2025-10-05,55.555555555555564,False
2025-10-12,62.65137029955386,False
2025-10-19,60.30534351145038,False
2025-10-26,54.85714285714286,False
2025-11-02,57.351077313054496,False
2025-11-09,59.26628716002529,False
2025-11-16,60.29040404040404,False
2025-11-23,64.0201638311279,False
2025-11-30,52.89308176100629,False
2025-12-07,51.03578154425612,False
2025-12-14,50.25062656641603,False
2025-12-21,47.217010631644776,False
2025-12-28,44.444444444444436,False
2026-01-04,46.60436137071651,False
2026-01-11,47.76119402985074,False
2026-01-18,52.32774674115456,False
2026-01-25,53.84138785625774,False
2026-02-01,60.54421768707484,False
2026-02-08,63.7037037037037,False
2026-02-15,63.647566235366604,False
2026-02-22,64.02214022140221,False
2026-03-01,64.88643339472068,False
2026-03-08,85.35539215686275,True
2026-03-15,85.07645259938839,False
2026-03-22,84.79853479853479,False
2026-03-29,87.08104814137721,True
2026-04-05,83.69829683698298,False
2026-04-12,76.25986642380086,False
2026-04-19,71.81818181818183,False
2026-04-26,75.25710828796129,False
2026-05-03,72.34299516908213,False
2026-05-10,72.57383966244726,False
2026-05-17,75.39109506618531,False
2026-05-24,71.35135135135134,False
2026-05-31,65.7673860911271,False
2026-06-07,79.1741472172352,False
2026-06-14,72.04301075268818,False
2026-06-21,65.53369111508646,False
2026-06-28,64.52380952380953,False
2026-07-05,58.942364824717764,False
2026-07-12,58.169934640522875,False
2026-07-19,73.6779560308972,False
2026-07-26,75.34165181224004,False
2026-08-02,67.37967914438502,False
2026-08-09,61.73499702911467,False
2026-08-16,62.032085561497325,False
2026-08-23,66.07248960190138,False
2026-08-30,62.92335115864527,False
2026-09-06,65.24064171122994,False
2026-09-13,70.70707070707071,False
2026-09-20,67.9144385026738,False
2026-09-27,67.32026143790848,False
2026-10-04,68.15210932857993,False
